Workbook

Sheet Cfg_Map
A1: 索引 | B1: id | C1: 名称 | D1: 背景图片 | E1: 挂机点列表
A2: # | B2: # | C2: # | D2: # | E2: #
A3: 后天 | B3: 1 | C3: 后天 | D3: bg | E3: ="MapPoint.行标签["&Cfg_Map[[#This Row],[索引]]&"].列ID[id]" -> MapPoint.行标签[后天].列ID[id]
A4: 先天 | B4: 2 | C4: 先天 | D4: bg
A5: 修真 | B5: 3 | C5: 修真 | D5: bg
A6: 修仙 | B6: 4 | C6: 修仙 | D6: bg
A7: 修神 | B7: 5 | C7: 修神 | D7: bg

Sheet Cfg_MapPoint
A1: 索引 | B1: id | C1: 分组 | D1: 类型 | E1: x | F1: y | G1: 品级 | H1: 分支 | I1: 名称 | J1: 图片 | K1: 前置挂机点列表
A2: # | B2: # | C2: # | D2: # | E2: # | F2: # | G2: # | H2: # | I2: # | J2: # | K2: #
A3: =$C3&$G3&"品分支"&$H3 -> 后天1品分支1 | B3: =VLOOKUP($C3,Cfg_Map[],MATCH('Cfg_Map'!$B$1,Cfg_Map[#Headers],0),FALSE)*1000000+$G3*1000+$H3 -> 1001001 | C3: 后天 | D3: 1 | E3: 300 | F3: =RANDBETWEEN(-100,100)+500 -> 585 | G3: 1 | H3: 1 | I3: =Cfg_MapPoint[[#This Row],[索引]] -> 后天1品分支1 | J3: guai01
A4: =$C4&$G4&"品分支"&$H4 -> 后天2品分支1 | B4: =VLOOKUP($C4,Cfg_Map[],MATCH('Cfg_Map'!$B$1,Cfg_Map[#Headers],0),FALSE)*1000000+$G4*1000+$H4 -> 1002001 | C4: 后天 | D4: 1 | E4: 600 | F4: =RANDBETWEEN(-100,100)+500 -> 520 | G4: 2 | H4: 1 | I4: =Cfg_MapPoint[[#This Row],[索引]] -> 后天2品分支1 | J4: guai02 | K4: ="PointPrefix.行标签["&Cfg_MapPoint[[#This Row],[索引]]&"].列ID[id]" -> PointPrefix.行标签[后天2品分支1].列ID[id]
A5: =$C5&$G5&"品分支"&$H5 -> 后天3品分支1 | B5: =VLOOKUP($C5,Cfg_Map[],MATCH('Cfg_Map'!$B$1,Cfg_Map[#Headers],0),FALSE)*1000000+$G5*1000+$H5 -> 1003001 | C5: 后天 | D5: 1 | E5: 900 | F5: =RANDBETWEEN(-100,100)+500 -> 592 | G5: 3 | H5: 1 | I5: =Cfg_MapPoint[[#This Row],[索引]] -> 后天3品分支1 | J5: guai03 | K5: ="PointPrefix.行标签["&Cfg_MapPoint[[#This Row],[索引]]&"].列ID[id]" -> PointPrefix.行标签[后天3品分支1].列ID[id]
A6: =$C6&$G6&"品分支"&$H6 -> 后天4品分支1 | B6: =VLOOKUP($C6,Cfg_Map[],MATCH('Cfg_Map'!$B$1,Cfg_Map[#Headers],0),FALSE)*1000000+$G6*1000+$H6 -> 1004001 | C6: 后天 | D6: 1 | E6: 1200 | F6: =RANDBETWEEN(-100,100)+500 -> 575 | G6: 4 | H6: 1 | I6: =Cfg_MapPoint[[#This Row],[索引]] -> 后天4品分支1 | J6: guai04 | K6: ="PointPrefix.行标签["&Cfg_MapPoint[[#This Row],[索引]]&"].列ID[id]" -> PointPrefix.行标签[后天4品分支1].列ID[id]
A7: =$C7&$G7&"品分支"&$H7 -> 后天5品分支1 | B7: =VLOOKUP($C7,Cfg_Map[],MATCH('Cfg_Map'!$B$1,Cfg_Map[#Headers],0),FALSE)*1000000+$G7*1000+$H7 -> 1005001 | C7: 后天 | D7: 1 | E7: 1500 | F7: =RANDBETWEEN(-100,100)+500 -> 589 | G7: 5 | H7: 1 | I7: =Cfg_MapPoint[[#This Row],[索引]] -> 后天5品分支1 | J7: guai05 | K7: ="PointPrefix.行标签["&Cfg_MapPoint[[#This Row],[索引]]&"].列ID[id]" -> PointPrefix.行标签[后天5品分支1].列ID[id]
A8: =$C8&$G8&"品分支"&$H8 -> 后天6品分支1 | B8: =VLOOKUP($C8,Cfg_Map[],MATCH('Cfg_Map'!$B$1,Cfg_Map[#Headers],0),FALSE)*1000000+$G8*1000+$H8 -> 1006001 | C8: 后天 | D8: 1 | E8: 1800 | F8: =RANDBETWEEN(-100,100)+500 -> 595 | G8: 6 | H8: 1 | I8: =Cfg_MapPoint[[#This Row],[索引]] -> 后天6品分支1 | J8: guai06 | K8: ="PointPrefix.行标签["&Cfg_MapPoint[[#This Row],[索引]]&"].列ID[id]" -> PointPrefix.行标签[后天6品分支1].列ID[id]
A9: =$C9&$G9&"品分支"&$H9 -> 后天7品分支1 | B9: =VLOOKUP($C9,Cfg_Map[],MATCH('Cfg_Map'!$B$1,Cfg_Map[#Headers],0),FALSE)*1000000+$G9*1000+$H9 -> 1007001 | C9: 后天 | D9: 1 | E9: 2100 | F9: =RANDBETWEEN(-100,100)+500 -> 461 | G9: 7 | H9: 1 | I9: =Cfg_MapPoint[[#This Row],[索引]] -> 后天7品分支1 | J9: guai07 | K9: ="PointPrefix.行标签["&Cfg_MapPoint[[#This Row],[索引]]&"].列ID[id]" -> PointPrefix.行标签[后天7品分支1].列ID[id]
A10: =$C10&$G10&"品分支"&$H10 -> 后天8品分支1 | B10: =VLOOKUP($C10,Cfg_Map[],MATCH('Cfg_Map'!$B$1,Cfg_Map[#Headers],0),FALSE)*1000000+$G10*1000+$H10 -> 1008001 | C10: 后天 | D10: 1 | E10: 2400 | F10: =RANDBETWEEN(-100,100)+500 -> 411 | G10: 8 | H10: 1 | I10: =Cfg_MapPoint[[#This Row],[索引]] -> 后天8品分支1 | J10: guai08 | K10: ="PointPrefix.行标签["&Cfg_MapPoint[[#This Row],[索引]]&"].列ID[id]" -> PointPrefix.行标签[后天8品分支1].列ID[id]
A11: =$C11&$G11&"品分支"&$H11 -> 后天9品分支1 | B11: =VLOOKUP($C11,Cfg_Map[],MATCH('Cfg_Map'!$B$1,Cfg_Map[#Headers],0),FALSE)*1000000+$G11*1000+$H11 -> 1009001 | C11: 后天 | D11: 1 | E11: 2700 | F11: =RANDBETWEEN(-100,100)+500 -> 425 | G11: 9 | H11: 1 | I11: =Cfg_MapPoint[[#This Row],[索引]] -> 后天9品分支1 | J11: guai09 | K11: ="PointPrefix.行标签["&Cfg_MapPoint[[#This Row],[索引]]&"].列ID[id]" -> PointPrefix.行标签[后天9品分支1].列ID[id]
A12: =$C12&$G12&"品分支"&$H12 -> 后天10品分支1 | B12: =VLOOKUP($C12,Cfg_Map[],MATCH('Cfg_Map'!$B$1,Cfg_Map[#Headers],0),FALSE)*1000000+$G12*1000+$H12 -> 1010001 | C12: 后天 | D12: 1 | E12: 3000 | F12: =-300+RANDBETWEEN(-100,100)+500 -> 223 | G12: 10 | H12: 1 | I12: =Cfg_MapPoint[[#This Row],[索引]] -> 后天10品分支1 | J12: guai10 | K12: ="PointPrefix.行标签["&Cfg_MapPoint[[#This Row],[索引]]&"].列ID[id]" -> PointPrefix.行标签[后天10品分支1].列ID[id]
A13: =$C13&$G13&"品分支"&$H13 -> 后天10品分支2 | B13: =VLOOKUP($C13,Cfg_Map[],MATCH('Cfg_Map'!$B$1,Cfg_Map[#Headers],0),FALSE)*1000000+$G13*1000+$H13 -> 1010002 | C13: 后天 | D13: 1 | E13: 3000 | F13: =300+RANDBETWEEN(-100,100)+500 -> 769 | G13: 10 | H13: 2 | I13: =Cfg_MapPoint[[#This Row],[索引]] -> 后天10品分支2 | J13: guai11 | K13: ="PointPrefix.行标签["&Cfg_MapPoint[[#This Row],[索引]]&"].列ID[id]" -> PointPrefix.行标签[后天10品分支2].列ID[id]
A14: =$C14&$G14&"品分支"&$H14 -> 后天11品分支1 | B14: =VLOOKUP($C14,Cfg_Map[],MATCH('Cfg_Map'!$B$1,Cfg_Map[#Headers],0),FALSE)*1000000+$G14*1000+$H14 -> 1011001 | C14: 后天 | D14: 1 | E14: 3300 | F14: =RANDBETWEEN(-100,100)+500 -> 596 | G14: 11 | H14: 1 | I14: =Cfg_MapPoint[[#This Row],[索引]] -> 后天11品分支1 | J14: guai12 | K14: ="PointPrefix.行标签["&Cfg_MapPoint[[#This Row],[索引]]&"].列ID[id]" -> PointPrefix.行标签[后天11品分支1].列ID[id]

Sheet Cfg_PointPrefix
A1: 索引 | B1: id | C1: 分组 | D1: 需求前置挂机点 | E1: 需求前置挂机点等级
A2: #
A3: =Cfg_PointPrefix[[#This Row],[分组]]&"to"&Cfg_PointPrefix[[#This Row],[需求前置挂机点]] -> 后天2品分支1to后天1品分支1 | B3: 1 | C3: 后天2品分支1 | D3: 后天1品分支1 | E3: 10
A4: =Cfg_PointPrefix[[#This Row],[分组]]&"to"&Cfg_PointPrefix[[#This Row],[需求前置挂机点]] -> 后天3品分支1to后天2品分支1 | B4: 2 | C4: 后天3品分支1 | D4: 后天2品分支1 | E4: 10
A5: =Cfg_PointPrefix[[#This Row],[分组]]&"to"&Cfg_PointPrefix[[#This Row],[需求前置挂机点]] -> 后天4品分支1to后天3品分支1 | B5: 3 | C5: 后天4品分支1 | D5: 后天3品分支1 | E5: 10
A6: =Cfg_PointPrefix[[#This Row],[分组]]&"to"&Cfg_PointPrefix[[#This Row],[需求前置挂机点]] -> 后天5品分支1to后天4品分支1 | B6: 4 | C6: 后天5品分支1 | D6: 后天4品分支1 | E6: 10
A7: =Cfg_PointPrefix[[#This Row],[分组]]&"to"&Cfg_PointPrefix[[#This Row],[需求前置挂机点]] -> 后天6品分支1to后天5品分支1 | B7: 5 | C7: 后天6品分支1 | D7: 后天5品分支1 | E7: 10
A8: =Cfg_PointPrefix[[#This Row],[分组]]&"to"&Cfg_PointPrefix[[#This Row],[需求前置挂机点]] -> 后天7品分支1to后天6品分支1 | B8: 6 | C8: 后天7品分支1 | D8: 后天6品分支1 | E8: 10
A9: =Cfg_PointPrefix[[#This Row],[分组]]&"to"&Cfg_PointPrefix[[#This Row],[需求前置挂机点]] -> 后天8品分支1to后天7品分支1 | B9: 7 | C9: 后天8品分支1 | D9: 后天7品分支1 | E9: 10
A10: =Cfg_PointPrefix[[#This Row],[分组]]&"to"&Cfg_PointPrefix[[#This Row],[需求前置挂机点]] -> 后天9品分支1to后天8品分支1 | B10: 8 | C10: 后天9品分支1 | D10: 后天8品分支1 | E10: 10
A11: =Cfg_PointPrefix[[#This Row],[分组]]&"to"&Cfg_PointPrefix[[#This Row],[需求前置挂机点]] -> 后天10品分支1to后天9品分支1 | B11: 9 | C11: 后天10品分支1 | D11: 后天9品分支1 | E11: 10
A12: =Cfg_PointPrefix[[#This Row],[分组]]&"to"&Cfg_PointPrefix[[#This Row],[需求前置挂机点]] -> 后天10品分支2to后天9品分支1 | B12: 10 | C12: 后天10品分支2 | D12: 后天9品分支1 | E12: 10
A13: =Cfg_PointPrefix[[#This Row],[分组]]&"to"&Cfg_PointPrefix[[#This Row],[需求前置挂机点]] -> 后天11品分支1to后天10品分支1 | B13: 11 | C13: 后天11品分支1 | D13: 后天10品分支1 | E13: 10
A14: =Cfg_PointPrefix[[#This Row],[分组]]&"to"&Cfg_PointPrefix[[#This Row],[需求前置挂机点]] -> 后天11品分支1to后天10品分支2 | B14: 12 | C14: 后天11品分支1 | D14: 后天10品分支2 | E14: 10
